{"cameraMode":{"drawMode":0,"name":"Shaded","section":"Shading Mode"},"sceneLighting":false,"audioPlay":false,"sceneViewState":{"m_AlwaysRefresh":false,"showFog":true,"showSkybox":false,"showFlares":true,"showImageEffects":true,"showParticleSystems":true,"showVisualEffectGraphs":true,"m_FxEnabled":true},"in2DMode":false,"pivot":{"x":83.31476593017578,"y":145.26181030273438,"z":-241.8797607421875},"rotation":{"x":0.20858097076416017,"y":0.011658469215035439,"z":-0.0031216121278703214,"w":0.9786166548728943},"size":3.464101552963257,"orthographic":false}