{"cameraMode":{"drawMode":0,"name":"Shaded","section":"Shading Mode"},"sceneLighting":false,"audioPlay":false,"sceneViewState":{"m_AlwaysRefresh":false,"showFog":false,"showSkybox":false,"showFlares":false,"showImageEffects":false,"showParticleSystems":false,"showVisualEffectGraphs":true,"m_FxEnabled":true},"in2DMode":false,"pivot":{"x":0.005170613527297974,"y":0.478237509727478,"z":0.1198415458202362},"rotation":{"x":0.21173469722270966,"y":-0.05035170540213585,"z":0.011294000782072544,"w":0.9762330055236816},"size":0.8446483016014099,"orthographic":false}